time, uid, event_name, source_ip
1/04/2017 0:00,F75DA5D1,FIRST_INSTALL,123.123.123.123
1/04/2017 0:00,F75DA5D2,FIRST_INSTALL,123.123.123.123
1/04/2017 0:00,F75DA5D1,EVENT1,123.123.123.123
1/04/2017 0:00,F76DA843,EVENT98,116.152.134.188
1/04/2017 0:00,F76DA654,EVENT36,134.181.101.13
1/04/2017 0:00,F76DA288,EVENT8,21.164.118.150
1/04/2017 0:00,F76DA943,FIRST_INSTALL,197.179.145.171
1/04/2017 0:00,F76DA564,EVENT87,108.141.167.91
1/04/2017 0:00,F76DA842,FIRST_INSTALL,135.144.192.104
1/04/2017 0:00,F76DA950,EVENT65,52.168.114.117
1/04/2017 0:00,F76DA476,EVENT35,81.164.197.135
1/04/2017 0:00,F76DA851,EVENT42,59.126.143.156
1/04/2017 0:00,F76DA296,EVENT93,160.194.200.158
1/04/2017 0:00,F76DA684,EVENT66,187.148.179.62
1/04/2017 0:00,F76DA847,EVENT35,200.100.107.91
1/04/2017 0:00,F76DA509,EVENT26,73.112.125.87
1/04/2017 0:00,F76DA773,EVENT68,136.122.119.106
1/04/2017 0:00,F76DA800,EVENT96,131.155.172.160
1/04/2017 0:00,F76DA896,FIRST_INSTALL,113.144.127.195
1/04/2017 0:00,F76DA598,FIRST_INSTALL,100.119.130.95
1/04/2017 0:00,F76DA834,EVENT18,141.123.112.86
1/04/2017 0:00,F76DA437,EVENT68,181.128.118.70
1/04/2017 0:00,F76DA893,EVENT99,200.163.155.133
1/04/2017 0:00,F76DA992,EVENT11,74.170.132.171
1/04/2017 0:00,F76DA921,EVENT70,61.190.174.163
1/04/2017 0:00,F76DA451,EVENT45,165.183.133.25
1/04/2017 0:00,F76DA277,EVENT97,124.199.120.180
1/04/2017 0:00,F76DA506,FIRST_INSTALL,171.168.191.91
1/04/2017 0:00,F76DA606,EVENT60,90.182.188.140
1/04/2017 0:00,F76DA913,EVENT34,33.133.122.144
1/04/2017 0:00,F76DA210,EVENT28,134.147.191.200
1/04/2017 0:00,F76DA698,FIRST_INSTALL,96.194.118.88
1/04/2017 0:00,F76DA334,EVENT4,107.110.197.67
1/04/2017 0:00,F76DA659,EVENT30,122.140.159.99
1/04/2017 0:00,F76DA191,EVENT76,149.174.120.61
1/04/2017 0:00,F76DA380,EVENT30,68.177.108.154
1/04/2017 0:00,F76DA675,EVENT74,107.142.129.22
1/04/2017 0:00,F76DA613,EVENT3,80.122.110.102
1/04/2017 0:00,F76DA517,EVENT29,16.159.189.70
1/04/2017 0:00,F76DA632,EVENT62,35.156.108.172
1/04/2017 0:00,F76DA981,EVENT95,123.113.164.51
1/04/2017 0:00,F76DA450,EVENT17,125.150.121.90
1/04/2017 0:00,F76DA941,EVENT11,142.142.101.110
1/04/2017 0:00,F76DA172,FIRST_INSTALL,100.140.182.106
1/04/2017 0:00,F76DA678,EVENT81,21.190.146.167
1/04/2017 0:00,F76DA957,EVENT53,185.135.178.38
1/04/2017 0:00,F76DA269,EVENT75,62.192.199.135
1/04/2017 0:00,F76DA205,EVENT18,53.156.115.111
1/04/2017 0:00,F76DA307,EVENT54,55.177.130.34
1/04/2017 0:00,F76DA288,EVENT92,111.126.147.149
1/04/2017 0:00,F76DA109,EVENT25,96.107.166.158
1/04/2017 0:00,F76DA866,EVENT96,34.185.168.134
1/04/2017 0:00,F76DA322,EVENT66,138.115.108.145
1/04/2017 0:00,F76DA877,EVENT24,106.113.196.148
1/04/2017 0:00,F76DA718,EVENT31,145.126.147.24
1/04/2017 0:00,F76DA641,EVENT41,64.125.200.96
1/04/2017 0:00,F76DA293,FIRST_INSTALL,58.128.102.156
1/04/2017 0:00,F76DA745,EVENT19,80.199.187.199
1/04/2017 0:00,F76DA227,EVENT4,147.174.133.92
1/04/2017 0:00,F76DA487,EVENT64,150.198.129.105
1/04/2017 0:00,F76DA316,EVENT54,193.172.191.189
1/04/2017 0:00,F76DA627,EVENT12,88.133.106.61
1/04/2017 0:00,F76DA900,EVENT38,62.116.174.86
1/04/2017 0:00,F76DA503,EVENT20,180.176.198.170
1/04/2017 0:00,F76DA577,EVENT37,166.102.175.181
1/04/2017 0:00,F76DA238,EVENT14,133.158.179.35
1/04/2017 0:00,F76DA213,EVENT86,105.111.151.47
1/04/2017 0:00,F76DA556,EVENT41,79.199.109.133
1/04/2017 0:00,F76DA306,FIRST_INSTALL,139.159.108.178
1/04/2017 0:00,F76DA785,EVENT23,94.173.102.97
1/04/2017 0:00,F76DA568,EVENT33,111.176.146.11
1/04/2017 0:00,F76DA970,EVENT76,74.195.150.182
1/04/2017 0:00,F76DA968,EVENT13,49.170.165.34
1/04/2017 0:00,F76DA358,EVENT38,137.161.116.113
1/04/2017 0:00,F76DA243,EVENT80,168.194.108.146
1/04/2017 0:00,F76DA196,EVENT24,23.170.122.101
1/04/2017 0:00,F76DA784,EVENT47,14.179.184.62
1/04/2017 0:00,F76DA633,EVENT26,102.155.143.78
1/04/2017 0:00,F76DA632,EVENT23,37.131.166.184
1/04/2017 0:00,F76DA303,EVENT72,181.175.119.32
1/04/2017 0:00,F76DA457,EVENT77,128.117.173.179
1/04/2017 0:00,F76DA675,FIRST_INSTALL,19.159.185.154
1/04/2017 0:00,F76DA226,EVENT13,104.169.199.152
1/04/2017 0:00,F76DA204,EVENT12,105.144.169.48
1/04/2017 0:00,F76DA202,EVENT39,191.149.127.77
1/04/2017 0:00,F76DA767,EVENT28,94.108.163.134
1/04/2017 0:00,F76DA499,EVENT83,91.108.139.125
1/04/2017 0:00,F76DA754,EVENT54,105.171.193.107
1/04/2017 0:00,F76DA411,EVENT16,126.126.197.15
1/04/2017 0:00,F76DA525,EVENT68,160.189.190.143
1/04/2017 0:00,F76DA271,EVENT31,157.126.108.191
1/04/2017 0:00,F76DA554,EVENT84,33.101.183.46
1/04/2017 0:00,F76DA433,EVENT65,51.109.146.154
1/04/2017 0:00,F76DA166,FIRST_INSTALL,94.197.136.190
1/04/2017 0:00,F76DA602,EVENT60,107.190.168.98
1/04/2017 0:00,F76DA714,EVENT70,13.114.200.197
1/04/2017 0:00,F76DA668,EVENT76,153.141.170.47
1/04/2017 0:00,F76DA366,EVENT44,134.116.190.21
1/04/2017 0:00,F76DA628,EVENT66,176.164.153.153
2/04/2017 0:00,F76DA390,EVENT1,74.196.158.45
2/04/2017 0:00,F76DA127,EVENT88,147.184.190.14
2/04/2017 0:00,F76DA411,EVENT73,21.129.144.115
2/04/2017 0:00,F76DA591,EVENT2,76.113.168.128
2/04/2017 0:00,F76DA638,EVENT32,131.187.180.173
2/04/2017 0:00,F76DA817,EVENT89,88.134.181.159
2/04/2017 0:00,F76DA237,EVENT80,188.192.133.166
2/04/2017 0:00,F76DA614,FIRST_INSTALL,51.190.112.27
2/04/2017 0:00,F76DA993,EVENT35,200.178.148.175
2/04/2017 0:00,F76DA397,EVENT57,129.137.112.113
2/04/2017 0:00,F76DA313,EVENT29,17.142.150.52
2/04/2017 0:00,F76DA751,EVENT30,46.174.133.73
2/04/2017 0:00,F76DA439,EVENT25,153.181.155.194
2/04/2017 0:00,F76DA849,EVENT57,139.181.100.56
2/04/2017 0:00,F76DA683,EVENT86,175.150.137.193
2/04/2017 0:00,F76DA991,EVENT70,136.181.195.142
2/04/2017 0:00,F76DA564,EVENT32,167.178.177.54
2/04/2017 0:00,F76DA692,EVENT73,140.151.105.87
2/04/2017 0:00,F76DA412,EVENT40,79.137.181.136
2/04/2017 0:00,F76DA949,EVENT67,118.170.181.121
2/04/2017 0:00,F76DA273,EVENT48,91.191.191.50
2/04/2017 0:00,F76DA642,EVENT29,158.165.124.24
2/04/2017 0:00,F76DA149,EVENT9,184.114.175.145
2/04/2017 0:00,F76DA591,EVENT27,98.131.100.161
2/04/2017 0:00,F76DA394,EVENT36,194.145.171.195
2/04/2017 0:00,F76DA508,EVENT29,89.139.129.94
2/04/2017 0:00,F76DA771,EVENT18,17.116.129.42
2/04/2017 0:00,F76DA294,EVENT83,120.115.117.95
2/04/2017 0:00,F76DA143,EVENT1,91.138.142.168
2/04/2017 0:00,F76DA626,EVENT98,81.149.129.24
2/04/2017 0:00,F76DA979,EVENT70,20.154.105.16
2/04/2017 0:00,F76DA566,EVENT21,112.185.100.156
2/04/2017 0:00,F76DA793,FIRST_INSTALL,193.200.108.122
2/04/2017 0:00,F76DA933,EVENT66,118.113.180.97
2/04/2017 0:00,F76DA279,EVENT33,117.190.117.185
2/04/2017 0:00,F76DA433,EVENT38,101.104.135.198
2/04/2017 0:00,F76DA956,EVENT73,65.105.136.98
2/04/2017 0:00,F76DA676,EVENT95,190.186.168.193
2/04/2017 0:00,F76DA355,EVENT74,53.199.176.184
2/04/2017 0:00,F76DA436,EVENT7,66.139.114.40
2/04/2017 0:00,F76DA579,EVENT35,193.104.199.173
2/04/2017 0:00,F76DA297,EVENT51,73.109.145.146
2/04/2017 0:00,F76DA256,EVENT81,170.161.127.162
2/04/2017 0:00,F76DA654,EVENT35,76.114.174.173
2/04/2017 0:00,F76DA784,EVENT42,179.178.197.126
2/04/2017 0:00,F76DA607,EVENT12,119.116.107.70
2/04/2017 0:00,F76DA130,EVENT80,81.168.133.120
2/04/2017 0:00,F76DA968,EVENT79,109.165.181.43
2/04/2017 0:00,F76DA405,EVENT79,60.154.178.191
2/04/2017 0:00,F76DA586,EVENT97,153.156.179.92
2/04/2017 0:00,F76DA228,EVENT17,68.186.178.151
2/04/2017 0:00,F76DA155,EVENT22,151.105.189.34
2/04/2017 0:00,F76DA592,EVENT42,33.118.127.88
2/04/2017 0:00,F76DA412,EVENT39,145.110.169.160
2/04/2017 0:00,F76DA367,EVENT50,81.106.101.66
2/04/2017 0:00,F76DA359,EVENT15,90.169.144.165
2/04/2017 0:00,F76DA882,EVENT71,51.129.143.86
2/04/2017 0:00,F76DA171,FIRST_INSTALL,182.186.127.48
2/04/2017 0:00,F76DA527,EVENT31,64.117.139.166
2/04/2017 0:00,F76DA353,EVENT1,153.194.107.185
2/04/2017 0:00,F76DA264,EVENT73,29.173.156.113
2/04/2017 0:00,F76DA535,EVENT19,141.150.124.51
2/04/2017 0:00,F76DA510,EVENT21,94.168.142.160
2/04/2017 0:00,F76DA847,EVENT10,58.179.198.189
2/04/2017 0:00,F76DA466,EVENT76,31.141.125.126
2/04/2017 0:00,F76DA911,EVENT72,88.188.100.113
2/04/2017 0:00,F76DA164,EVENT12,110.103.140.137
2/04/2017 0:00,F76DA178,EVENT56,29.155.130.60
2/04/2017 0:00,F76DA501,EVENT57,194.191.131.154
2/04/2017 0:00,F76DA351,EVENT82,49.108.107.81
2/04/2017 0:00,F76DA916,EVENT8,33.142.122.96
2/04/2017 0:00,F76DA201,EVENT85,24.141.166.72
2/04/2017 0:00,F76DA426,EVENT36,154.139.155.74
2/04/2017 0:00,F76DA164,EVENT93,15.191.142.40
2/04/2017 0:00,F76DA610,EVENT47,146.166.188.78
2/04/2017 0:00,F76DA792,EVENT94,130.128.109.54
2/04/2017 0:00,F76DA448,EVENT93,179.127.189.124
2/04/2017 0:00,F76DA117,EVENT46,55.148.177.187
2/04/2017 0:00,F76DA144,EVENT16,25.120.107.120
2/04/2017 0:00,F76DA506,EVENT26,193.174.102.51
2/04/2017 0:00,F76DA445,EVENT67,158.146.175.124
2/04/2017 0:00,F76DA909,EVENT9,11.147.197.199
2/04/2017 0:00,F76DA432,FIRST_INSTALL,150.197.101.21
2/04/2017 0:00,F76DA268,EVENT79,191.120.144.135
2/04/2017 0:00,F76DA306,EVENT73,99.114.197.140
2/04/2017 0:00,F76DA104,EVENT22,76.167.186.34
2/04/2017 0:00,F76DA703,EVENT6,32.122.192.151
2/04/2017 0:00,F76DA755,EVENT87,124.100.103.33
2/04/2017 0:00,F76DA314,EVENT35,161.103.169.184
2/04/2017 0:00,F76DA908,EVENT82,45.143.155.123
2/04/2017 0:00,F76DA948,EVENT93,169.109.149.43
2/04/2017 0:00,F76DA386,EVENT36,133.127.108.12
2/04/2017 0:00,F76DA698,EVENT92,190.114.106.99
2/04/2017 0:00,F76DA699,EVENT13,44.167.181.55
2/04/2017 0:00,F76DA280,EVENT62,86.118.182.67
2/04/2017 0:00,F76DA644,EVENT49,149.101.134.170
2/04/2017 0:00,F76DA760,EVENT37,183.112.151.173
2/04/2017 0:00,F76DA127,EVENT99,34.182.151.164
2/04/2017 0:00,F76DA372,EVENT1,151.141.180.109
2/04/2017 0:00,F76DA158,EVENT2,83.115.164.188
3/04/2017 0:00,F76DA786,EVENT55,79.198.140.33
3/04/2017 0:00,F76DA413,EVENT83,50.177.156.66
3/04/2017 0:00,F76DA869,EVENT31,157.110.134.169
3/04/2017 0:00,F76DA947,EVENT57,44.154.131.67
3/04/2017 0:00,F76DA515,EVENT77,42.198.125.28
3/04/2017 0:00,F76DA127,EVENT53,126.135.200.53
3/04/2017 0:00,F76DA654,EVENT7,163.146.184.109
3/04/2017 0:00,F76DA720,FIRST_INSTALL,200.124.135.104
3/04/2017 0:00,F76DA530,EVENT3,64.200.172.200
3/04/2017 0:00,F76DA986,EVENT69,30.194.180.62
3/04/2017 0:00,F76DA641,EVENT72,174.184.182.146
3/04/2017 0:00,F76DA846,EVENT69,100.166.168.166
3/04/2017 0:00,F76DA754,EVENT11,109.192.138.25
3/04/2017 0:00,F76DA372,EVENT70,177.137.182.33
3/04/2017 0:00,F76DA699,EVENT8,183.182.102.17
3/04/2017 0:00,F76DA176,EVENT38,116.130.168.63
3/04/2017 0:00,F76DA984,EVENT12,77.177.112.27
3/04/2017 0:00,F76DA697,EVENT3,104.198.154.112
3/04/2017 0:00,F76DA784,EVENT42,96.157.135.151
3/04/2017 0:00,F76DA280,EVENT20,32.125.111.90
3/04/2017 0:00,F76DA390,EVENT34,130.100.103.37
3/04/2017 0:00,F76DA350,EVENT9,59.124.129.159
3/04/2017 0:00,F76DA936,EVENT21,84.167.115.91
3/04/2017 0:00,F76DA567,EVENT82,175.158.190.16
3/04/2017 0:00,F76DA682,EVENT55,83.109.177.91
3/04/2017 0:00,F76DA313,EVENT20,189.175.106.184
3/04/2017 0:00,F76DA374,EVENT90,142.145.130.167
3/04/2017 0:00,F76DA557,EVENT27,61.145.178.128
3/04/2017 0:00,F76DA991,EVENT32,182.172.134.69
3/04/2017 0:00,F76DA338,EVENT92,194.129.140.148
3/04/2017 0:00,F76DA915,EVENT37,66.137.134.29
3/04/2017 0:00,F76DA879,EVENT51,17.113.198.98
3/04/2017 0:00,F76DA807,FIRST_INSTALL,136.142.176.23
3/04/2017 0:00,F76DA649,EVENT12,183.105.127.89
3/04/2017 0:00,F76DA926,EVENT93,58.184.155.30
3/04/2017 0:00,F76DA493,EVENT92,197.198.126.85
3/04/2017 0:00,F76DA571,EVENT91,90.108.198.78
3/04/2017 0:00,F76DA639,EVENT94,41.160.179.140
3/04/2017 0:00,F76DA303,EVENT16,104.157.147.40
3/04/2017 0:00,F76DA966,EVENT74,49.108.198.99
3/04/2017 0:00,F76DA768,EVENT27,179.122.167.83
3/04/2017 0:00,F76DA973,EVENT77,65.187.106.88
3/04/2017 0:00,F76DA408,EVENT44,42.174.140.176
3/04/2017 0:00,F76DA192,EVENT59,183.137.176.42
3/04/2017 0:00,F76DA695,EVENT96,96.194.125.30
3/04/2017 0:00,F76DA298,EVENT64,175.195.142.120
3/04/2017 0:00,F76DA274,EVENT58,28.127.126.135
3/04/2017 0:00,F76DA240,EVENT28,121.118.109.171
3/04/2017 0:00,F76DA612,EVENT76,70.165.177.200
3/04/2017 0:00,F76DA308,EVENT46,39.141.113.127
3/04/2017 0:00,F76DA259,EVENT13,31.105.131.61
3/04/2017 0:00,F76DA987,EVENT71,138.163.169.106
3/04/2017 0:00,F76DA703,EVENT10,181.115.159.76
3/04/2017 0:00,F76DA476,EVENT7,168.184.117.122
3/04/2017 0:00,F76DA433,EVENT86,114.130.118.112
3/04/2017 0:00,F76DA465,EVENT10,113.163.175.71
3/04/2017 0:00,F76DA740,EVENT58,149.102.131.54
3/04/2017 0:00,F76DA195,FIRST_INSTALL,112.109.138.52
3/04/2017 0:00,F76DA582,EVENT56,125.191.100.66
3/04/2017 0:00,F76DA934,EVENT24,141.120.187.163
3/04/2017 0:00,F76DA387,EVENT92,32.109.102.132
3/04/2017 0:00,F76DA979,EVENT5,62.184.131.40
3/04/2017 0:00,F76DA161,EVENT99,46.180.190.110
3/04/2017 0:00,F76DA417,EVENT81,153.163.158.132
3/04/2017 0:00,F76DA820,EVENT57,191.157.170.84
3/04/2017 0:00,F76DA431,EVENT66,101.135.107.160
3/04/2017 0:00,F76DA139,EVENT79,178.115.103.14
3/04/2017 0:00,F76DA704,EVENT44,194.137.171.10
3/04/2017 0:00,F76DA333,EVENT76,92.100.119.97
3/04/2017 0:00,F76DA224,EVENT54,158.126.110.20
3/04/2017 0:00,F76DA212,EVENT57,17.113.195.139
3/04/2017 0:00,F76DA930,EVENT30,195.135.161.38
3/04/2017 0:00,F76DA928,EVENT44,46.157.192.146
3/04/2017 0:00,F76DA461,EVENT39,32.186.175.169
3/04/2017 0:00,F76DA525,EVENT5,123.174.122.30
3/04/2017 0:00,F76DA791,EVENT5,93.143.174.101
3/04/2017 0:00,F76DA747,EVENT76,12.132.170.173
3/04/2017 0:00,F76DA906,EVENT90,36.156.174.88
3/04/2017 0:00,F76DA237,EVENT57,28.188.130.96
3/04/2017 0:00,F76DA464,EVENT95,23.173.134.21
3/04/2017 0:00,F76DA256,EVENT28,86.133.146.101
3/04/2017 0:00,F76DA315,EVENT62,81.155.189.157
3/04/2017 0:00,F76DA861,FIRST_INSTALL,33.135.125.183
3/04/2017 0:00,F76DA205,EVENT35,179.188.169.101
3/04/2017 0:00,F76DA132,EVENT71,166.148.169.17
3/04/2017 0:00,F76DA557,EVENT53,101.198.150.98
3/04/2017 0:00,F76DA302,EVENT86,155.106.143.92
3/04/2017 0:00,F76DA822,EVENT13,54.137.131.81
3/04/2017 0:00,F76DA282,EVENT85,113.152.189.38
3/04/2017 0:00,F76DA188,EVENT87,187.135.100.192
3/04/2017 0:00,F76DA739,EVENT67,25.100.183.183
3/04/2017 0:00,F76DA943,EVENT47,66.187.178.111
3/04/2017 0:00,F76DA780,EVENT13,157.134.164.136
3/04/2017 0:00,F76DA970,EVENT40,144.142.124.14
3/04/2017 0:00,F76DA980,FIRST_INSTALL,118.111.100.179
3/04/2017 0:00,F76DA749,EVENT8,146.109.150.104
3/04/2017 0:00,F76DA255,EVENT74,87.116.191.134
3/04/2017 0:00,F76DA421,EVENT39,165.132.195.36
3/04/2017 0:00,F76DA903,EVENT30,36.101.157.57
3/04/2017 0:00,F76DA592,EVENT96,22.141.184.103
3/04/2017 0:00,F76DA411,EVENT59,157.152.131.50
3/04/2017 0:00,F76DA492,EVENT44,12.163.129.118
3/04/2017 0:00,F76DA399,EVENT73,144.107.166.34
3/04/2017 0:00,F76DA399,EVENT89,129.131.114.46
3/04/2017 0:00,F76DA154,EVENT25,40.188.190.150
3/04/2017 0:00,F76DA434,EVENT7,191.141.125.111
3/04/2017 0:00,F76DA997,EVENT94,25.155.105.76
3/04/2017 0:00,F76DA524,FIRST_INSTALL,32.190.147.118
3/04/2017 0:00,F76DA406,EVENT83,132.161.130.100
3/04/2017 0:00,F76DA609,EVENT10,92.184.189.119
3/04/2017 0:00,F76DA349,EVENT67,109.163.114.38
3/04/2017 0:00,F76DA114,EVENT63,83.199.172.116
3/04/2017 0:00,F76DA655,EVENT9,81.131.101.36
3/04/2017 0:00,F76DA391,EVENT82,176.178.110.184
3/04/2017 0:00,F76DA696,EVENT67,166.128.180.35
3/04/2017 0:00,F76DA472,EVENT97,185.105.146.37
3/04/2017 0:00,F76DA173,EVENT93,177.191.152.128
3/04/2017 0:00,F76DA589,EVENT49,164.156.174.147
3/04/2017 0:00,F76DA340,EVENT18,166.142.122.94
3/04/2017 0:00,F76DA350,EVENT55,157.177.153.82
3/04/2017 0:00,F76DA532,EVENT94,11.195.109.148
3/04/2017 0:00,F76DA291,EVENT25,140.195.195.106
3/04/2017 0:00,F76DA226,EVENT53,31.118.146.140
3/04/2017 0:00,F76DA224,EVENT89,99.125.163.169
3/04/2017 0:00,F76DA834,EVENT54,137.103.112.152
3/04/2017 0:00,F76DA646,EVENT50,98.103.134.184
3/04/2017 0:00,F76DA694,EVENT35,65.169.117.151
3/04/2017 0:00,F76DA245,EVENT92,99.156.199.95
3/04/2017 0:00,F76DA195,EVENT14,17.107.168.134
3/04/2017 0:00,F76DA684,EVENT65,61.143.195.185
3/04/2017 0:00,F76DA984,EVENT14,11.149.123.37
3/04/2017 0:00,F76DA278,EVENT89,48.136.136.97
3/04/2017 0:00,F76DA780,FIRST_INSTALL,164.130.168.75
3/04/2017 0:00,F76DA185,EVENT32,108.140.126.83
3/04/2017 0:00,F76DA958,EVENT86,190.200.194.84
3/04/2017 0:00,F76DA189,EVENT43,61.160.151.54
3/04/2017 0:00,F76DA626,EVENT48,130.169.166.125
3/04/2017 0:00,F76DA911,EVENT23,16.131.198.37
3/04/2017 0:00,F76DA764,EVENT36,18.104.156.79
3/04/2017 0:00,F76DA310,EVENT24,72.104.178.32
3/04/2017 0:00,F76DA193,EVENT1,11.115.132.154
3/04/2017 0:00,F76DA618,EVENT83,137.163.151.179
3/04/2017 0:00,F76DA133,EVENT85,92.175.198.14
3/04/2017 0:00,F76DA321,EVENT88,112.121.162.20
3/04/2017 0:00,F76DA633,EVENT49,97.131.125.157
3/04/2017 0:00,F76DA128,EVENT63,138.138.105.137
3/04/2017 0:00,F76DA600,EVENT97,196.187.174.186
3/04/2017 0:00,F76DA196,EVENT55,116.132.172.138
3/04/2017 0:00,F76DA397,EVENT72,151.106.191.141
3/04/2017 0:00,F76DA870,EVENT12,156.194.187.55
3/04/2017 0:00,F76DA481,EVENT76,31.173.186.58
3/04/2017 0:00,F76DA623,EVENT68,162.112.152.53
3/04/2017 0:00,F76DA403,EVENT60,78.105.180.194
3/04/2017 0:00,F76DA589,EVENT98,91.147.193.161
3/04/2017 0:00,F76DA587,EVENT90,99.121.119.189
3/04/2017 0:00,F76DA704,EVENT29,158.199.124.144
3/04/2017 0:00,F76DA792,EVENT77,76.144.150.147
3/04/2017 0:00,F76DA631,FIRST_INSTALL,130.141.109.140
3/04/2017 0:00,F76DA940,EVENT62,160.193.180.181
3/04/2017 0:00,F76DA349,EVENT39,149.200.170.192
3/04/2017 0:00,F76DA949,EVENT49,24.113.127.80
3/04/2017 0:00,F76DA377,EVENT30,127.114.132.29
3/04/2017 0:00,F76DA866,EVENT33,102.151.190.187
3/04/2017 0:00,F76DA292,EVENT82,179.145.160.139
3/04/2017 0:00,F76DA729,EVENT63,174.100.174.15
3/04/2017 0:00,F76DA679,EVENT84,91.100.104.102
3/04/2017 0:00,F76DA765,EVENT70,101.154.192.191
3/04/2017 0:00,F76DA428,EVENT25,120.167.154.122
3/04/2017 0:00,F76DA854,EVENT84,86.186.195.145
3/04/2017 0:00,F76DA512,FIRST_INSTALL,187.157.114.197
3/04/2017 0:00,F76DA853,EVENT61,34.180.199.125
3/04/2017 0:00,F76DA612,EVENT50,171.105.117.178
3/04/2017 0:00,F76DA236,EVENT50,131.162.118.36
3/04/2017 0:00,F76DA223,EVENT19,135.129.137.147
3/04/2017 0:00,F76DA639,EVENT32,114.115.121.63
3/04/2017 0:00,F76DA801,EVENT67,138.172.142.42
3/04/2017 0:00,F76DA193,EVENT1,46.183.167.197
3/04/2017 0:00,F76DA831,EVENT26,43.133.123.63
3/04/2017 0:00,F76DA406,EVENT34,106.185.138.78
3/04/2017 0:00,F76DA187,EVENT12,51.142.169.187
3/04/2017 0:00,F76DA633,EVENT11,22.119.114.169
3/04/2017 0:00,F76DA546,EVENT49,144.172.169.196
3/04/2017 0:00,F76DA315,FIRST_INSTALL,41.196.149.158
3/04/2017 0:00,F76DA310,EVENT79,137.115.167.159
3/04/2017 0:00,F76DA679,EVENT97,132.187.187.196
3/04/2017 0:00,F76DA966,EVENT88,113.115.165.81
3/04/2017 0:00,F76DA671,EVENT6,75.130.140.165
3/04/2017 0:00,F76DA173,EVENT33,113.153.188.61
3/04/2017 0:00,F76DA156,EVENT11,190.103.131.132
3/04/2017 0:00,F76DA118,EVENT41,157.149.126.172
3/04/2017 0:00,F76DA507,EVENT60,145.178.168.153
3/04/2017 0:00,F76DA594,EVENT11,103.120.104.101
3/04/2017 0:00,F76DA382,EVENT16,81.180.122.65
3/04/2017 0:00,F76DA505,EVENT60,16.117.172.39
3/04/2017 0:00,F76DA310,EVENT77,87.165.136.129
3/04/2017 0:00,F76DA767,EVENT52,149.184.164.157
3/04/2017 0:00,F76DA632,EVENT26,80.195.158.92
3/04/2017 0:00,F76DA121,EVENT88,39.167.183.57
3/04/2017 0:00,F76DA148,EVENT5,125.194.193.80
3/04/2017 0:00,F76DA504,EVENT69,58.108.132.23
3/04/2017 0:00,F76DA992,EVENT71,172.124.105.67
3/04/2017 0:00,F76DA658,EVENT76,143.103.139.161
4/04/2017 0:00,F76DA328,EVENT15,52.173.144.64
4/04/2017 0:00,F76DA736,EVENT65,24.116.178.186
4/04/2017 0:00,F76DA537,EVENT92,181.155.179.108
4/04/2017 0:00,F76DA856,EVENT92,29.157.189.63
4/04/2017 0:00,F76DA131,EVENT16,146.189.153.174
4/04/2017 0:00,F76DA509,FIRST_INSTALL,41.140.135.123
4/04/2017 0:00,F76DA488,EVENT91,68.104.119.149
4/04/2017 0:00,F76DA566,EVENT85,113.169.167.49
4/04/2017 0:00,F76DA977,EVENT59,90.148.182.129
4/04/2017 0:00,F76DA490,EVENT9,160.174.176.109
4/04/2017 0:00,F76DA714,EVENT94,55.142.176.48
4/04/2017 0:00,F76DA339,EVENT27,180.161.127.111
4/04/2017 0:00,F76DA367,EVENT99,139.155.138.97
4/04/2017 0:00,F76DA547,EVENT71,200.174.175.144
4/04/2017 0:00,F76DA436,EVENT56,139.171.117.140
4/04/2017 0:00,F76DA766,EVENT41,23.154.190.27
4/04/2017 0:00,F76DA231,EVENT73,173.123.200.133
4/04/2017 0:00,F76DA932,FIRST_INSTALL,21.157.170.43
4/04/2017 0:00,F76DA165,EVENT84,86.177.169.87
4/04/2017 0:00,F76DA350,EVENT62,176.159.125.186
4/04/2017 0:00,F76DA336,EVENT59,120.191.152.52
4/04/2017 0:00,F76DA679,EVENT74,199.112.105.122
4/04/2017 0:00,F76DA963,EVENT54,26.142.179.99
4/04/2017 0:00,F76DA249,EVENT43,95.137.159.17
4/04/2017 0:00,F76DA899,EVENT23,99.111.166.153
4/04/2017 0:00,F76DA299,EVENT46,106.190.163.180
4/04/2017 0:00,F76DA591,EVENT11,178.130.103.38
4/04/2017 0:00,F76DA889,EVENT41,11.190.177.120
4/04/2017 0:00,F76DA167,EVENT76,125.120.125.112
4/04/2017 0:00,F76DA767,EVENT83,114.187.141.113
4/04/2017 0:00,F76DA824,FIRST_INSTALL,185.190.144.95
4/04/2017 0:00,F76DA322,EVENT16,154.168.173.188
4/04/2017 0:00,F76DA902,EVENT26,40.113.188.74
4/04/2017 0:00,F76DA787,EVENT99,172.120.185.143
4/04/2017 0:00,F76DA122,EVENT92,38.103.161.72
4/04/2017 0:00,F76DA465,EVENT35,106.158.189.66
4/04/2017 0:00,F76DA258,EVENT18,103.105.173.57
4/04/2017 0:00,F76DA854,EVENT67,11.177.169.18
4/04/2017 0:00,F76DA175,EVENT77,92.149.182.148
4/04/2017 0:00,F76DA893,EVENT10,88.170.153.17
4/04/2017 0:00,F76DA271,EVENT88,70.146.165.131
4/04/2017 0:00,F76DA407,EVENT27,15.163.151.105
4/04/2017 0:00,F76DA947,EVENT4,153.128.173.122
4/04/2017 0:00,F76DA790,EVENT26,196.122.197.24
4/04/2017 0:00,F76DA368,EVENT93,168.100.171.25
4/04/2017 0:00,F76DA247,EVENT31,55.138.123.107
4/04/2017 0:00,F76DA246,EVENT41,22.159.159.175
4/04/2017 0:00,F76DA819,EVENT39,129.102.197.91
4/04/2017 0:00,F76DA368,EVENT4,153.126.191.197
4/04/2017 0:00,F76DA761,EVENT36,49.177.190.13
4/04/2017 0:00,F76DA694,EVENT22,10.192.193.165
4/04/2017 0:00,F76DA804,EVENT93,111.104.149.197
4/04/2017 0:00,F76DA246,EVENT53,66.117.106.81
4/04/2017 0:00,F76DA889,EVENT30,142.104.123.37
4/04/2017 0:00,F76DA462,EVENT9,23.128.143.156
4/04/2017 0:00,F76DA826,FIRST_INSTALL,117.197.178.136
4/04/2017 0:00,F76DA672,EVENT71,200.183.107.198
4/04/2017 0:00,F76DA868,EVENT24,189.188.128.44
4/04/2017 0:00,F76DA668,EVENT11,98.123.171.38
4/04/2017 0:00,F76DA809,EVENT49,116.123.134.49
4/04/2017 0:00,F76DA595,EVENT89,44.141.186.126
4/04/2017 0:00,F76DA948,EVENT66,118.118.169.88
4/04/2017 0:00,F76DA342,EVENT56,71.112.182.71
4/04/2017 0:00,F76DA974,EVENT58,78.144.183.174
4/04/2017 0:00,F76DA593,EVENT66,37.150.118.141
4/04/2017 0:00,F76DA315,EVENT94,76.127.192.152
4/04/2017 0:00,F76DA780,EVENT22,96.184.106.99
4/04/2017 0:00,F76DA873,FIRST_INSTALL,134.200.116.192
4/04/2017 0:00,F76DA427,EVENT83,57.134.136.98
4/04/2017 0:00,F76DA834,EVENT81,85.117.101.186
4/04/2017 0:00,F76DA867,EVENT91,157.109.193.140
4/04/2017 0:00,F76DA666,EVENT16,135.149.139.186
4/04/2017 0:00,F76DA266,EVENT90,33.178.138.163
4/04/2017 0:00,F76DA938,EVENT45,100.138.179.65
4/04/2017 0:00,F76DA303,EVENT95,95.169.199.103
4/04/2017 0:00,F76DA720,EVENT99,107.169.105.105
4/04/2017 0:00,F76DA459,EVENT69,35.195.100.145
4/04/2017 0:00,F76DA372,EVENT10,136.197.178.180
4/04/2017 0:00,F76DA401,EVENT87,125.134.114.180
4/04/2017 0:00,F76DA338,EVENT87,13.174.104.178
4/04/2017 0:00,F76DA139,FIRST_INSTALL,53.137.131.16
4/04/2017 0:00,F76DA971,EVENT95,149.184.115.137
4/04/2017 0:00,F76DA174,EVENT44,100.130.133.91
4/04/2017 0:00,F76DA922,EVENT87,152.187.118.130
4/04/2017 0:00,F76DA974,EVENT6,98.114.114.129
4/04/2017 0:00,F76DA944,EVENT76,43.150.119.150
4/04/2017 0:00,F76DA581,EVENT1,25.153.159.133
4/04/2017 0:00,F76DA334,EVENT93,168.165.167.50
4/04/2017 0:00,F76DA785,EVENT54,10.150.103.163
4/04/2017 0:00,F76DA991,EVENT16,137.150.163.22
4/04/2017 0:00,F76DA224,EVENT42,184.139.100.85
4/04/2017 0:00,F76DA654,EVENT76,19.160.138.22
4/04/2017 0:00,F76DA667,FIRST_INSTALL,183.117.140.20
4/04/2017 0:00,F76DA198,EVENT59,170.183.114.134
4/04/2017 0:00,F76DA698,EVENT80,100.186.125.75
4/04/2017 0:00,F76DA710,EVENT8,128.143.146.182
4/04/2017 0:00,F76DA205,EVENT46,87.129.143.159
4/04/2017 0:00,F76DA285,EVENT41,159.135.182.69
4/04/2017 0:00,F76DA376,EVENT29,32.177.114.58
4/04/2017 0:00,F76DA728,EVENT36,176.176.179.58
4/04/2017 0:00,F76DA495,EVENT24,94.192.168.131
4/04/2017 0:00,F76DA575,EVENT68,65.141.176.50
4/04/2017 0:00,F76DA346,EVENT99,112.196.133.73
4/04/2017 0:00,F76DA987,EVENT86,17.134.195.53
4/04/2017 0:00,F76DA266,EVENT73,33.101.142.111
4/04/2017 0:00,F76DA363,FIRST_INSTALL,54.153.177.194
4/04/2017 0:00,F76DA848,EVENT56,154.193.200.118
4/04/2017 0:00,F76DA503,EVENT84,57.184.132.157
4/04/2017 0:00,F76DA731,EVENT29,91.118.164.99
4/04/2017 0:00,F76DA833,EVENT94,175.114.150.130
4/04/2017 0:00,F76DA700,EVENT70,148.136.150.140
4/04/2017 0:00,F76DA658,EVENT79,74.167.187.19
4/04/2017 0:00,F76DA634,EVENT28,144.164.185.100
4/04/2017 0:00,F76DA546,EVENT75,55.198.101.197
4/04/2017 0:00,F76DA359,EVENT6,15.130.152.57
4/04/2017 0:00,F76DA757,EVENT23,105.129.124.132
4/04/2017 0:00,F76DA957,EVENT52,68.136.169.19
4/04/2017 0:00,F76DA288,FIRST_INSTALL,82.110.154.44
4/04/2017 0:00,F76DA576,EVENT2,194.150.193.113
4/04/2017 0:00,F76DA705,EVENT96,93.128.102.135
4/04/2017 0:00,F76DA649,EVENT99,45.148.114.79
4/04/2017 0:00,F76DA145,EVENT88,115.161.132.48
4/04/2017 0:00,F76DA652,EVENT96,77.102.144.92
4/04/2017 0:00,F76DA487,EVENT89,173.112.115.197
4/04/2017 0:00,F76DA314,EVENT65,10.167.150.119
4/04/2017 0:00,F76DA551,EVENT6,191.170.177.66
4/04/2017 0:00,F76DA706,EVENT78,18.169.172.196
4/04/2017 0:00,F76DA756,EVENT8,187.185.194.77
4/04/2017 0:00,F76DA642,EVENT95,42.171.105.20
4/04/2017 0:00,F76DA766,EVENT40,41.140.153.46
4/04/2017 0:00,F76DA359,FIRST_INSTALL,24.168.110.53
4/04/2017 0:00,F76DA328,EVENT33,42.175.109.143
4/04/2017 0:00,F76DA559,EVENT36,138.148.133.55
4/04/2017 0:00,F76DA464,EVENT16,113.114.100.125
4/04/2017 0:00,F76DA198,EVENT12,42.155.126.141
4/04/2017 0:00,F76DA150,EVENT66,57.153.129.19
4/04/2017 0:00,F76DA322,EVENT23,199.161.131.176
4/04/2017 0:00,F76DA776,EVENT9,147.167.158.54
4/04/2017 0:00,F76DA764,EVENT1,149.188.129.121
4/04/2017 0:00,F76DA979,EVENT38,151.104.165.159
4/04/2017 0:00,F76DA690,EVENT20,31.155.157.16
4/04/2017 0:00,F76DA732,EVENT21,139.121.200.147
4/04/2017 0:00,F76DA793,FIRST_INSTALL,129.119.122.40
4/04/2017 0:00,F76DA467,EVENT58,107.105.182.108
4/04/2017 0:00,F76DA755,EVENT92,150.166.117.142
4/04/2017 0:00,F76DA207,EVENT92,99.158.102.20
4/04/2017 0:00,F76DA678,EVENT55,70.159.152.125
4/04/2017 0:00,F76DA447,EVENT30,69.189.157.42
4/04/2017 0:00,F76DA394,EVENT91,120.191.114.47
4/04/2017 0:00,F76DA544,EVENT60,149.135.145.55
4/04/2017 0:00,F76DA965,EVENT63,102.103.146.98
4/04/2017 0:00,F76DA209,EVENT91,126.138.150.178
4/04/2017 0:00,F76DA302,EVENT54,173.190.107.87
4/04/2017 0:00,F76DA688,EVENT32,150.104.174.78
4/04/2017 0:00,F76DA800,EVENT48,87.171.142.60
4/04/2017 0:00,F76DA350,FIRST_INSTALL,99.102.133.26
4/04/2017 0:00,F76DA380,EVENT43,118.174.184.84
4/04/2017 0:00,F76DA688,EVENT92,170.145.112.33
4/04/2017 0:00,F76DA959,EVENT80,11.142.132.187
4/04/2017 0:00,F76DA883,EVENT60,136.156.124.113
4/04/2017 0:00,F76DA917,EVENT22,32.113.121.10
4/04/2017 0:00,F76DA500,EVENT13,170.106.179.21
4/04/2017 0:00,F76DA950,EVENT2,106.118.138.194
4/04/2017 0:00,F76DA805,EVENT4,178.133.199.37
4/04/2017 0:00,F76DA705,EVENT98,134.194.200.72
4/04/2017 0:00,F76DA727,EVENT35,125.133.137.113
4/04/2017 0:00,F76DA245,EVENT66,162.117.128.43
4/04/2017 0:00,F76DA704,FIRST_INSTALL,85.137.136.58
4/04/2017 0:00,F76DA262,EVENT46,188.163.187.177
4/04/2017 0:00,F76DA197,EVENT18,182.105.168.137
4/04/2017 0:00,F76DA378,EVENT15,168.148.106.131
4/04/2017 0:00,F76DA939,EVENT27,196.114.145.84
4/04/2017 0:00,F76DA504,EVENT11,154.105.150.151
4/04/2017 0:00,F76DA457,EVENT4,47.148.200.102
4/04/2017 0:00,F76DA367,EVENT42,126.193.151.30
4/04/2017 0:00,F76DA738,EVENT71,24.124.100.200
4/04/2017 0:00,F76DA721,EVENT43,124.116.137.104
4/04/2017 0:00,F76DA875,EVENT78,55.195.195.185
5/04/2017 0:00,F76DA616,EVENT55,188.130.189.186
5/04/2017 0:00,F76DA612,EVENT12,79.163.158.188
5/04/2017 0:00,F76DA320,FIRST_INSTALL,141.192.100.31
5/04/2017 0:00,F76DA193,EVENT74,65.116.196.186
5/04/2017 0:00,F76DA597,EVENT12,153.147.150.192
5/04/2017 0:00,F76DA249,EVENT44,192.112.184.148
5/04/2017 0:00,F76DA205,EVENT48,46.119.186.42
5/04/2017 0:00,F76DA474,EVENT59,51.125.183.123
5/04/2017 0:00,F76DA337,EVENT53,162.132.107.56
5/04/2017 0:00,F76DA841,EVENT61,183.150.186.187
5/04/2017 0:00,F76DA276,EVENT62,31.151.159.159
5/04/2017 0:00,F76DA483,EVENT54,160.137.158.45
5/04/2017 0:00,F76DA647,EVENT5,52.178.106.14
5/04/2017 0:00,F76DA320,EVENT37,78.192.104.100
5/04/2017 0:00,F76DA485,FIRST_INSTALL,96.194.164.30
5/04/2017 0:00,F76DA953,EVENT96,122.141.107.164
5/04/2017 0:00,F76DA577,EVENT7,183.106.193.24
5/04/2017 0:00,F76DA516,EVENT31,174.195.121.58
5/04/2017 0:00,F76DA972,EVENT79,198.190.186.84
5/04/2017 0:00,F76DA734,EVENT65,55.130.181.131
5/04/2017 0:00,F76DA732,EVENT50,82.110.115.41
5/04/2017 0:00,F76DA411,EVENT3,91.168.176.87
5/04/2017 0:00,F76DA364,EVENT53,31.144.114.188
5/04/2017 0:00,F76DA144,EVENT48,16.173.110.110
5/04/2017 0:00,F76DA872,EVENT71,25.199.119.89
5/04/2017 0:00,F76DA744,EVENT67,195.181.181.122
5/04/2017 0:00,F76DA484,EVENT30,129.108.174.59
5/04/2017 0:00,F76DA777,FIRST_INSTALL,40.120.188.141
5/04/2017 0:00,F76DA681,EVENT4,138.170.133.116
5/04/2017 0:00,F76DA752,EVENT19,115.177.175.171
5/04/2017 0:00,F76DA573,EVENT87,70.118.103.94
5/04/2017 0:00,F76DA885,EVENT47,140.152.112.127
5/04/2017 0:00,F76DA949,EVENT48,86.196.183.98
5/04/2017 0:00,F76DA621,EVENT21,19.178.146.24
5/04/2017 0:00,F76DA500,EVENT39,150.130.142.141
5/04/2017 0:00,F76DA511,EVENT34,149.164.194.192
5/04/2017 0:00,F76DA157,EVENT17,200.177.132.55
5/04/2017 0:00,F76DA831,EVENT49,175.183.186.154
5/04/2017 0:00,F76DA286,EVENT34,161.106.196.164
5/04/2017 0:00,F76DA272,FIRST_INSTALL,103.172.151.92
5/04/2017 0:00,F76DA757,EVENT26,45.116.182.146
5/04/2017 0:00,F76DA919,EVENT92,138.171.169.25
5/04/2017 0:00,F76DA399,EVENT71,84.144.157.61
5/04/2017 0:00,F76DA107,EVENT24,170.105.156.79
5/04/2017 0:00,F76DA356,EVENT27,147.136.168.94
5/04/2017 0:00,F76DA758,EVENT11,34.126.153.102
5/04/2017 0:00,F76DA812,EVENT92,77.125.147.168
5/04/2017 0:00,F76DA583,EVENT46,111.189.187.54
5/04/2017 0:00,F76DA414,EVENT97,100.178.138.52
5/04/2017 0:00,F76DA833,EVENT57,90.195.153.19
5/04/2017 0:00,F76DA279,EVENT62,41.107.161.111
5/04/2017 0:00,F76DA458,EVENT92,131.150.144.45
5/04/2017 0:00,F76DA409,FIRST_INSTALL,177.185.192.167
5/04/2017 0:00,F76DA167,EVENT54,41.159.130.140
5/04/2017 0:00,F76DA857,EVENT57,55.121.131.31
5/04/2017 0:00,F76DA466,EVENT5,182.126.133.138
5/04/2017 0:00,F76DA402,EVENT94,192.138.155.102
5/04/2017 0:00,F76DA388,EVENT52,25.148.176.141
5/04/2017 0:00,F76DA700,EVENT17,115.114.140.116
5/04/2017 0:00,F76DA394,EVENT16,59.144.170.132
5/04/2017 0:00,F76DA670,EVENT94,167.102.107.145
5/04/2017 0:00,F76DA513,EVENT60,184.102.125.15
5/04/2017 0:00,F76DA844,EVENT43,28.146.174.149
5/04/2017 0:00,F76DA155,EVENT5,84.161.146.170
5/04/2017 0:00,F76DA164,FIRST_INSTALL,162.132.121.86
5/04/2017 0:00,F76DA753,EVENT74,36.180.187.108
5/04/2017 0:00,F76DA766,EVENT96,11.180.181.192
5/04/2017 0:00,F76DA115,EVENT32,189.175.195.79
5/04/2017 0:00,F76DA940,EVENT45,85.171.155.133
5/04/2017 0:00,F76DA162,EVENT32,59.148.129.118
5/04/2017 0:00,F76DA119,EVENT55,184.174.182.13
5/04/2017 0:00,F76DA732,EVENT64,44.185.182.142
5/04/2017 0:00,F76DA194,EVENT27,87.184.147.41
5/04/2017 0:00,F76DA261,EVENT16,185.195.163.162
5/04/2017 0:00,F76DA734,EVENT71,142.113.130.60
5/04/2017 0:00,F76DA990,EVENT61,26.127.192.37
5/04/2017 0:00,F76DA543,EVENT33,134.118.187.38
5/04/2017 0:00,F76DA229,FIRST_INSTALL,17.163.131.82
5/04/2017 0:00,F76DA994,EVENT51,61.190.191.182
5/04/2017 0:00,F76DA729,EVENT70,59.190.165.165
5/04/2017 0:00,F76DA817,EVENT14,30.131.123.169
5/04/2017 0:00,F76DA224,EVENT38,84.148.131.93
5/04/2017 0:00,F76DA760,EVENT22,37.147.172.118
5/04/2017 0:00,F76DA926,EVENT38,44.100.124.114
5/04/2017 0:00,F76DA995,EVENT91,120.178.154.31
5/04/2017 0:00,F76DA328,EVENT95,172.112.145.99
5/04/2017 0:00,F76DA259,EVENT11,29.112.190.28
5/04/2017 0:00,F76DA914,EVENT31,123.165.179.94
5/04/2017 0:00,F76DA929,EVENT70,30.123.167.156
5/04/2017 0:00,F76DA126,FIRST_INSTALL,91.170.129.29
5/04/2017 0:00,F76DA739,EVENT60,13.155.147.193
5/04/2017 0:00,F76DA191,EVENT51,177.143.155.189
5/04/2017 0:00,F76DA695,EVENT97,146.198.198.145
5/04/2017 0:00,F76DA633,EVENT42,51.118.165.25
5/04/2017 0:00,F76DA292,EVENT70,104.144.197.34
5/04/2017 0:00,F76DA393,EVENT9,157.157.158.60
5/04/2017 0:00,F76DA448,EVENT82,134.173.182.33
5/04/2017 0:00,F76DA281,EVENT69,82.136.115.151
5/04/2017 0:00,F76DA772,EVENT7,155.149.134.188
5/04/2017 0:00,F76DA329,EVENT55,168.121.107.73
5/04/2017 0:00,F76DA363,EVENT13,93.194.187.32
5/04/2017 0:00,F76DA591,EVENT52,81.185.168.175
5/04/2017 0:00,F76DA487,FIRST_INSTALL,175.148.115.78
5/04/2017 0:00,F76DA732,EVENT32,58.162.101.159
6/04/2017 0:00,F76DA500,EVENT35,160.147.107.67
6/04/2017 0:00,F76DA914,EVENT68,182.139.157.160
6/04/2017 0:00,F76DA299,EVENT71,181.131.113.196
6/04/2017 0:00,F76DA524,EVENT22,134.199.131.195
6/04/2017 0:00,F76DA269,EVENT67,117.192.123.97
6/04/2017 0:00,F76DA197,EVENT44,60.162.142.82
6/04/2017 0:00,F76DA880,EVENT87,149.165.198.130
6/04/2017 0:00,F76DA867,EVENT85,133.144.199.196
6/04/2017 0:00,F76DA337,EVENT77,78.164.165.124
6/04/2017 0:00,F76DA376,EVENT61,171.165.153.23
6/04/2017 0:00,F76DA611,FIRST_INSTALL,103.117.177.129
6/04/2017 0:00,F76DA752,EVENT92,83.182.131.117
6/04/2017 0:00,F76DA217,EVENT21,82.115.113.94
6/04/2017 0:00,F76DA349,EVENT21,131.108.186.85
6/04/2017 0:00,F76DA662,EVENT17,115.165.177.168
6/04/2017 0:00,F76DA366,EVENT96,118.119.117.94
6/04/2017 0:00,F76DA907,EVENT78,181.152.169.59
6/04/2017 0:00,F76DA690,EVENT62,138.173.124.85
6/04/2017 0:00,F76DA523,EVENT75,183.200.186.45
6/04/2017 0:00,F76DA814,EVENT37,128.106.123.41
6/04/2017 0:00,F76DA601,EVENT39,100.191.190.119
6/04/2017 0:00,F76DA940,EVENT12,31.157.195.82
6/04/2017 0:00,F76DA777,EVENT20,52.160.107.33
6/04/2017 0:00,F76DA554,FIRST_INSTALL,187.125.106.131
6/04/2017 0:00,F76DA689,EVENT54,29.157.169.60
6/04/2017 0:00,F76DA681,EVENT81,44.186.117.114
6/04/2017 0:00,F76DA216,EVENT8,148.181.115.159
6/04/2017 0:00,F76DA241,EVENT4,137.135.131.120
6/04/2017 0:00,F76DA182,EVENT54,175.143.104.113
6/04/2017 0:00,F76DA208,EVENT79,144.152.181.143
6/04/2017 0:00,F76DA954,EVENT67,67.154.116.121
6/04/2017 0:00,F76DA381,EVENT33,87.116.119.25
6/04/2017 0:00,F76DA416,EVENT64,83.178.113.169
6/04/2017 0:00,F76DA184,EVENT91,54.191.118.46
6/04/2017 0:00,F76DA415,EVENT99,198.194.154.40
6/04/2017 0:00,F76DA896,FIRST_INSTALL,159.111.198.17
6/04/2017 0:00,F76DA884,EVENT16,158.190.162.193
6/04/2017 0:00,F76DA546,EVENT73,138.100.176.90
6/04/2017 0:00,F76DA161,EVENT1,67.193.169.47
6/04/2017 0:00,F76DA635,EVENT48,32.156.133.69
6/04/2017 0:00,F76DA281,EVENT36,35.101.157.125
6/04/2017 0:00,F76DA324,EVENT95,126.110.138.196
6/04/2017 0:00,F76DA365,EVENT67,109.169.198.28
6/04/2017 0:00,F76DA787,EVENT26,147.186.115.83
6/04/2017 0:00,F76DA475,EVENT55,196.180.141.194
6/04/2017 0:00,F76DA945,EVENT92,83.154.187.62
6/04/2017 0:00,F76DA566,EVENT4,37.103.135.63
6/04/2017 0:00,F76DA452,EVENT48,193.130.137.34
6/04/2017 0:00,F76DA888,FIRST_INSTALL,74.161.143.47
6/04/2017 0:00,F76DA815,EVENT24,54.149.193.143
6/04/2017 0:00,F76DA260,EVENT49,31.193.150.82
6/04/2017 0:00,F76DA774,EVENT69,161.169.182.165
6/04/2017 0:00,F76DA503,EVENT54,41.126.163.166
7/04/2017 0:00,F76DA634,EVENT59,146.182.140.154
7/04/2017 0:00,F76DA235,EVENT61,113.164.178.15
7/04/2017 0:00,F76DA208,EVENT95,59.129.156.13
7/04/2017 0:00,F76DA711,EVENT13,17.111.144.165
7/04/2017 0:00,F76DA749,EVENT59,108.127.109.34
7/04/2017 0:00,F76DA112,EVENT75,18.122.138.28
7/04/2017 0:00,F76DA180,EVENT38,187.119.137.141
7/04/2017 0:00,F76DA513,FIRST_INSTALL,123.146.109.57
7/04/2017 0:00,F76DA293,EVENT70,54.194.171.53
7/04/2017 0:00,F76DA612,EVENT18,114.110.123.64
7/04/2017 0:00,F76DA624,EVENT12,65.137.157.56
7/04/2017 0:00,F76DA102,EVENT45,42.147.128.190
7/04/2017 0:00,F76DA845,EVENT58,101.104.190.125
7/04/2017 0:00,F76DA603,EVENT52,200.164.153.166
7/04/2017 0:00,F76DA106,EVENT34,181.141.118.81
7/04/2017 0:00,F76DA984,EVENT11,135.165.128.101
7/04/2017 0:00,F76DA736,EVENT94,100.115.185.137
7/04/2017 0:00,F76DA347,EVENT50,49.123.121.101
7/04/2017 0:00,F76DA454,EVENT67,36.166.100.52
7/04/2017 0:00,F76DA178,EVENT87,140.123.200.188
7/04/2017 0:00,F76DA225,FIRST_INSTALL,27.115.111.85
7/04/2017 0:00,F76DA720,EVENT5,152.153.117.100
7/04/2017 0:00,F76DA174,EVENT73,99.165.154.39
7/04/2017 0:00,F76DA529,EVENT12,122.141.135.125
7/04/2017 0:00,F76DA508,EVENT38,118.178.176.158
7/04/2017 0:00,F76DA346,EVENT90,137.191.162.99
7/04/2017 0:00,F76DA632,EVENT70,41.176.134.181
7/04/2017 0:00,F76DA438,EVENT37,182.169.181.79
7/04/2017 0:00,F76DA286,EVENT64,83.158.140.99
7/04/2017 0:00,F76DA126,EVENT8,38.106.112.32
7/04/2017 0:00,F76DA952,EVENT44,144.141.199.38
7/04/2017 0:00,F76DA885,EVENT92,165.114.121.186
7/04/2017 0:00,F76DA574,FIRST_INSTALL,196.117.131.135
7/04/2017 0:00,F76DA407,EVENT62,163.136.136.35
7/04/2017 0:00,F76DA864,EVENT10,167.118.148.14
7/04/2017 0:00,F76DA858,EVENT2,11.200.198.15
7/04/2017 0:00,F76DA257,EVENT90,30.120.121.32
7/04/2017 0:00,F76DA569,EVENT59,82.117.157.139
7/04/2017 0:00,F76DA202,EVENT21,108.118.112.159
7/04/2017 0:00,F76DA398,EVENT14,10.123.133.195
7/04/2017 0:00,F76DA976,EVENT63,92.159.178.110
7/04/2017 0:00,F76DA266,EVENT9,43.143.178.39
7/04/2017 0:00,F76DA952,EVENT64,181.156.136.51
7/04/2017 0:00,F76DA151,EVENT10,176.125.158.94
7/04/2017 0:00,F76DA165,EVENT79,12.130.129.155
7/04/2017 0:00,F76DA696,FIRST_INSTALL,152.127.115.43
7/04/2017 0:00,F76DA931,EVENT66,131.146.136.11
7/04/2017 0:00,F76DA404,EVENT93,73.175.155.112
7/04/2017 0:00,F76DA428,EVENT75,183.180.102.89
7/04/2017 0:00,F76DA639,EVENT60,123.102.171.178
7/04/2017 0:00,F76DA356,EVENT54,44.103.162.115
7/04/2017 0:00,F76DA211,EVENT96,122.138.151.91
7/04/2017 0:00,F76DA307,EVENT64,196.162.118.120
7/04/2017 0:00,F76DA649,EVENT15,68.198.137.109
7/04/2017 0:00,F76DA153,EVENT19,162.134.168.91
7/04/2017 0:00,F76DA370,EVENT61,140.169.126.83
7/04/2017 0:00,F76DA842,EVENT42,61.181.106.45
7/04/2017 0:00,F76DA643,FIRST_INSTALL,197.198.130.109
7/04/2017 0:00,F76DA812,EVENT41,114.112.128.46
7/04/2017 0:00,F76DA995,EVENT15,66.194.165.103
7/04/2017 0:00,F76DA179,EVENT66,74.188.104.178
7/04/2017 0:00,F76DA304,EVENT10,137.180.173.67
7/04/2017 0:00,F76DA769,EVENT29,176.166.117.63
7/04/2017 0:00,F76DA441,EVENT53,171.146.150.113
7/04/2017 0:00,F76DA121,EVENT90,123.160.104.165
7/04/2017 0:00,F76DA511,EVENT37,171.190.123.182
7/04/2017 0:00,F76DA235,EVENT12,108.132.185.125
7/04/2017 0:00,F76DA285,EVENT67,182.130.129.10
7/04/2017 0:00,F76DA399,EVENT47,157.180.189.181
7/04/2017 0:00,F76DA111,EVENT3,157.164.188.104
7/04/2017 0:00,F76DA356,FIRST_INSTALL,110.104.146.168
7/04/2017 0:00,F76DA218,EVENT28,30.115.186.113
7/04/2017 0:00,F76DA705,EVENT2,56.133.195.164
7/04/2017 0:00,F76DA607,EVENT6,125.169.175.15
7/04/2017 0:00,F76DA596,EVENT18,78.118.189.21
7/04/2017 0:00,F76DA104,EVENT55,195.113.171.44
7/04/2017 0:00,F76DA125,EVENT77,141.178.104.22
8/04/2017 0:00,F76DA362,EVENT9,184.140.197.82
8/04/2017 0:00,F76DA677,EVENT87,91.187.181.91
8/04/2017 0:00,F76DA628,EVENT7,45.139.155.80
8/04/2017 0:00,F76DA731,EVENT49,65.107.161.146
8/04/2017 0:00,F76DA245,EVENT36,17.135.108.88
8/04/2017 0:00,F76DA677,FIRST_INSTALL,78.164.108.42
8/04/2017 0:00,F76DA764,EVENT95,175.171.131.123
8/04/2017 0:00,F76DA624,EVENT27,49.108.140.135
8/04/2017 0:00,F76DA967,EVENT36,34.117.160.60
8/04/2017 0:00,F76DA931,EVENT41,32.157.140.171
8/04/2017 0:00,F76DA516,EVENT18,167.174.166.191
8/04/2017 0:00,F76DA600,EVENT32,71.191.148.71
8/04/2017 0:00,F76DA341,EVENT78,22.126.146.46
8/04/2017 0:00,F76DA903,EVENT75,135.108.137.120
8/04/2017 0:00,F76DA402,EVENT39,97.152.100.74
8/04/2017 0:00,F76DA330,EVENT95,153.136.158.19
8/04/2017 0:00,F76DA972,EVENT61,74.183.117.99
8/04/2017 0:00,F76DA836,EVENT4,136.197.113.41
8/04/2017 0:00,F76DA716,FIRST_INSTALL,191.162.143.49
8/04/2017 0:00,F76DA619,EVENT81,178.169.108.139
8/04/2017 0:00,F76DA733,EVENT2,138.103.147.36
8/04/2017 0:00,F76DA647,EVENT88,79.126.106.117
8/04/2017 0:00,F76DA390,EVENT5,84.150.168.117
8/04/2017 0:00,F76DA700,EVENT41,54.162.189.143
8/04/2017 0:00,F76DA571,EVENT47,175.170.165.80
8/04/2017 0:00,F76DA590,EVENT95,100.124.168.108
8/04/2017 0:00,F76DA216,EVENT99,28.116.106.181
9/04/2017 0:00,F76DA420,EVENT71,175.168.180.15
9/04/2017 0:00,F76DA234,EVENT81,77.164.188.157
9/04/2017 0:00,F76DA345,EVENT33,119.181.182.35
9/04/2017 0:00,F76DA485,FIRST_INSTALL,35.141.110.74
9/04/2017 0:00,F76DA266,EVENT87,99.107.118.35
9/04/2017 0:00,F76DA428,EVENT14,32.143.116.42
9/04/2017 0:00,F76DA511,EVENT63,148.123.117.175
9/04/2017 0:00,F76DA137,EVENT58,144.152.186.129
9/04/2017 0:00,F76DA138,EVENT36,198.140.149.74
9/04/2017 0:00,F76DA588,EVENT80,69.193.180.68
9/04/2017 0:00,F76DA818,EVENT41,62.165.196.119
9/04/2017 0:00,F76DA260,EVENT66,23.133.164.70
9/04/2017 0:00,F76DA166,EVENT24,51.142.187.177
9/04/2017 0:00,F76DA319,EVENT58,24.189.148.98
9/04/2017 0:00,F76DA979,EVENT32,49.153.115.168
9/04/2017 0:00,F76DA314,EVENT97,110.116.167.47
9/04/2017 0:00,F76DA332,FIRST_INSTALL,103.183.111.137
9/04/2017 0:00,F76DA820,EVENT62,133.180.174.158
9/04/2017 0:00,F76DA486,EVENT58,174.114.153.170
9/04/2017 0:00,F76DA135,EVENT60,50.187.179.151
9/04/2017 0:00,F76DA762,EVENT64,188.103.193.116
9/04/2017 0:00,F76DA699,EVENT85,58.166.100.89
9/04/2017 0:00,F76DA260,EVENT32,172.196.164.67
9/04/2017 0:00,F76DA599,EVENT37,56.157.145.189
9/04/2017 0:00,F76DA479,EVENT75,152.181.181.130
9/04/2017 0:00,F76DA904,EVENT26,116.120.195.126
9/04/2017 0:00,F76DA920,EVENT30,15.138.199.120
9/04/2017 0:00,F76DA821,EVENT83,16.105.171.122
9/04/2017 0:00,F76DA240,FIRST_INSTALL,28.131.140.26
9/04/2017 0:00,F76DA859,EVENT41,98.149.120.58
9/04/2017 0:00,F76DA633,EVENT42,75.109.117.148
9/04/2017 0:00,F76DA223,EVENT74,130.100.142.26
9/04/2017 0:00,F76DA745,EVENT73,24.124.102.105
9/04/2017 0:00,F76DA997,EVENT39,166.115.109.112
9/04/2017 0:00,F76DA439,EVENT69,187.195.127.120
9/04/2017 0:00,F76DA603,EVENT66,193.123.192.140
9/04/2017 0:00,F76DA559,EVENT50,103.161.158.141
9/04/2017 0:00,F76DA522,EVENT9,49.144.175.90
9/04/2017 0:00,F76DA483,EVENT26,27.142.146.143
9/04/2017 0:00,F76DA339,EVENT27,160.131.136.43
9/04/2017 0:00,F76DA675,EVENT32,23.135.106.41
9/04/2017 0:00,F76DA325,FIRST_INSTALL,43.199.143.199
9/04/2017 0:00,F76DA734,EVENT32,106.123.166.173
9/04/2017 0:00,F76DA517,EVENT69,43.158.144.200
9/04/2017 0:00,F76DA563,EVENT30,97.156.130.53
9/04/2017 0:00,F76DA600,EVENT8,108.110.151.128
9/04/2017 0:00,F76DA834,EVENT60,181.140.171.24
9/04/2017 0:00,F76DA211,EVENT25,83.169.166.77
9/04/2017 0:00,F76DA110,EVENT92,125.123.185.114
9/04/2017 0:00,F76DA932,EVENT49,140.200.143.178
9/04/2017 0:00,F76DA542,EVENT85,56.148.118.33
9/04/2017 0:00,F76DA144,EVENT36,68.125.103.136
9/04/2017 0:00,F76DA277,EVENT49,84.119.183.28
9/04/2017 0:00,F76DA421,FIRST_INSTALL,176.107.119.20
9/04/2017 0:00,F76DA216,EVENT40,170.180.113.36
9/04/2017 0:00,F76DA365,EVENT34,76.183.168.27
9/04/2017 0:00,F76DA117,EVENT80,11.195.111.43
9/04/2017 0:00,F76DA554,EVENT28,19.146.155.166
9/04/2017 0:00,F76DA695,EVENT70,16.126.183.194
9/04/2017 0:00,F76DA935,EVENT91,146.139.101.41
9/04/2017 0:00,F76DA723,EVENT48,20.105.181.142
9/04/2017 0:00,F76DA887,EVENT94,195.195.116.176
9/04/2017 0:00,F76DA301,EVENT38,145.177.110.170
9/04/2017 0:00,F76DA258,EVENT33,85.142.151.44
9/04/2017 0:00,F76DA993,EVENT36,114.186.161.22
9/04/2017 0:00,F76DA403,EVENT55,172.116.170.18
9/04/2017 0:00,F76DA610,FIRST_INSTALL,132.178.185.131
9/04/2017 0:00,F76DA283,EVENT61,150.101.135.66
9/04/2017 0:00,F76DA562,EVENT26,46.115.109.41
9/04/2017 0:00,F76DA845,EVENT59,139.165.127.186
9/04/2017 0:00,F76DA740,EVENT64,79.114.140.173
9/04/2017 0:00,F76DA339,EVENT25,73.109.140.156
9/04/2017 0:00,F76DA995,EVENT74,180.181.192.169
9/04/2017 0:00,F76DA724,EVENT22,119.146.171.180
9/04/2017 0:00,F76DA513,EVENT86,139.109.174.73
9/04/2017 0:00,F76DA613,EVENT48,25.142.167.110
9/04/2017 0:00,F76DA103,EVENT2,98.102.111.112
9/04/2017 0:00,F76DA596,EVENT50,151.200.121.64
9/04/2017 0:00,F76DA897,FIRST_INSTALL,179.162.167.166
9/04/2017 0:00,F76DA877,EVENT19,73.155.163.188
9/04/2017 0:00,F76DA940,EVENT50,190.125.105.69
9/04/2017 0:00,F76DA141,EVENT64,40.134.199.88
9/04/2017 0:00,F76DA775,EVENT49,113.115.190.45
9/04/2017 0:00,F76DA739,EVENT90,173.176.165.93
9/04/2017 0:00,F76DA934,EVENT86,12.118.113.58
9/04/2017 0:00,F76DA974,EVENT94,57.103.143.183
9/04/2017 0:00,F76DA379,EVENT17,13.132.161.34
9/04/2017 0:00,F76DA559,EVENT65,109.159.172.44
9/04/2017 0:00,F76DA574,EVENT52,26.181.180.166
9/04/2017 0:00,F76DA766,EVENT54,30.182.103.188
9/04/2017 0:00,F76DA900,EVENT89,138.134.141.129
9/04/2017 0:00,F76DA443,FIRST_INSTALL,155.108.104.82
9/04/2017 0:00,F76DA274,EVENT17,80.139.129.127
9/04/2017 0:00,F76DA146,EVENT38,92.173.164.15
9/04/2017 0:00,F76DA896,EVENT76,101.126.175.95
9/04/2017 0:00,F76DA862,EVENT11,190.197.163.17
9/04/2017 0:00,F76DA887,EVENT22,125.136.115.41
9/04/2017 0:00,F76DA620,EVENT84,65.161.131.77
9/04/2017 0:00,F76DA204,EVENT39,125.188.108.171
9/04/2017 0:00,F76DA732,EVENT17,101.194.118.101
9/04/2017 0:00,F76DA956,EVENT98,143.124.193.190
9/04/2017 0:00,F76DA967,EVENT80,46.118.116.147
9/04/2017 0:00,F76DA242,EVENT17,45.115.161.89
9/04/2017 0:00,F76DA217,FIRST_INSTALL,52.146.109.129
9/04/2017 0:00,F76DA258,EVENT97,183.187.154.178
9/04/2017 0:00,F76DA248,EVENT75,85.181.185.73
9/04/2017 0:00,F76DA241,EVENT34,11.114.114.153
9/04/2017 0:00,F76DA829,EVENT63,118.145.170.83
9/04/2017 0:00,F76DA562,EVENT28,73.182.135.78
9/04/2017 0:00,F76DA868,EVENT61,173.121.119.96
9/04/2017 0:00,F76DA885,EVENT60,172.140.190.77
9/04/2017 0:00,F76DA601,EVENT23,88.197.173.181
9/04/2017 0:00,F76DA310,EVENT47,194.128.159.198
9/04/2017 0:00,F76DA952,EVENT76,103.155.197.139
9/04/2017 0:00,F76DA393,EVENT44,25.190.190.141
9/04/2017 0:00,F76DA849,EVENT79,36.154.151.170
9/04/2017 0:00,F76DA109,FIRST_INSTALL,70.151.142.98
9/04/2017 0:00,F76DA194,EVENT31,57.184.170.107
9/04/2017 0:00,F76DA626,EVENT30,35.101.123.176
9/04/2017 0:00,F76DA254,EVENT67,175.175.194.73
9/04/2017 0:00,F76DA174,EVENT21,51.166.169.26
9/04/2017 0:00,F76DA975,EVENT53,150.138.183.154
9/04/2017 0:00,F76DA970,EVENT13,70.127.196.37
9/04/2017 0:00,F76DA965,EVENT29,99.146.159.94
9/04/2017 0:00,F76DA256,EVENT77,93.133.126.127
9/04/2017 0:00,F76DA605,EVENT85,84.156.178.174
9/04/2017 0:00,F76DA513,EVENT60,168.178.178.75
9/04/2017 0:00,F76DA645,EVENT44,160.166.153.147
9/04/2017 0:00,F76DA113,FIRST_INSTALL,81.137.113.157
9/04/2017 0:00,F76DA325,EVENT44,66.158.143.176
9/04/2017 0:00,F76DA332,EVENT80,175.197.110.118
9/04/2017 0:00,F76DA548,EVENT98,54.142.160.172
9/04/2017 0:00,F76DA124,EVENT6,110.185.109.151
9/04/2017 0:00,F76DA139,EVENT31,143.189.124.161
9/04/2017 0:00,F76DA174,EVENT20,85.116.182.112
9/04/2017 0:00,F76DA320,EVENT85,23.174.183.185
9/04/2017 0:00,F76DA148,EVENT93,65.184.199.10
9/04/2017 0:00,F76DA992,EVENT66,72.130.115.42
9/04/2017 0:00,F76DA355,EVENT98,83.181.159.48
9/04/2017 0:00,F76DA670,EVENT56,198.122.154.44
9/04/2017 0:00,F76DA172,EVENT49,97.176.152.72
9/04/2017 0:00,F76DA918,FIRST_INSTALL,93.157.126.22
9/04/2017 0:00,F76DA706,EVENT16,32.108.165.127
9/04/2017 0:00,F76DA937,EVENT67,164.172.188.98
9/04/2017 0:00,F76DA236,EVENT79,80.163.144.28
9/04/2017 0:00,F76DA228,EVENT16,84.127.197.158
9/04/2017 0:00,F76DA572,FIRST_INSTALL,22.162.172.67
9/04/2017 0:00,F76DA923,EVENT65,189.175.115.37
9/04/2017 0:00,F76DA207,EVENT27,24.156.120.162
9/04/2017 0:00,F76DA464,EVENT86,100.117.184.82
9/04/2017 0:00,F76DA265,EVENT70,74.161.195.82
9/04/2017 0:00,F76DA619,EVENT74,77.110.145.153
9/04/2017 0:00,F76DA821,EVENT32,86.129.159.50
9/04/2017 0:00,F76DA969,EVENT55,19.151.173.115
9/04/2017 0:00,F76DA892,EVENT96,127.147.153.33
9/04/2017 0:00,F76DA831,EVENT60,117.196.102.42
9/04/2017 0:00,F76DA720,EVENT95,182.149.152.149
9/04/2017 0:00,F76DA925,EVENT81,123.155.189.139
9/04/2017 0:00,F76DA116,EVENT68,170.149.176.135
9/04/2017 0:00,F76DA976,EVENT42,194.190.187.166
